domain,threat
www.dutchwebdesign.com,benign
www.pploulsosohvmkv.com,dga
www.cfsjdqwdhmwkiv.com,dga
www.uocoqgiusyeciouaimcauykqswsymo.com,dga
www.total-toolbar.com,benign
www.australianwoodenboatfestival.com,benign
www.okdbnxoauhzrawyu.com,dga
www.409485.com,benign
www.m8sdetc0u81lgdcpshoxsvy.com,dga
www.qkdccn.com,dga
www.bangsfamilydentistry.com,benign
www.g2g0kfwnw65lqri.com,dga
www.rukketsports.com,benign
www.eayprkbngtpgmoi.com,dga
www.docheads.com,benign
www.xretmysxptli.com,dga
www.trialbriefs.com,benign
www.cewesckwaqc.com,dga
www.jknwld.com,dga
www.kuekgowceqaomwkyeyys.com,dga
www.cyneugril.com,dga
www.grqbkcqbjjrncdoxv.com,dga
www.eikmcosam.com,dga
www.rohrhofer.com,benign
www.votegivegrow.com,benign
www.mamysymikazadoci.com,dga
www.kosgkkammkaflsdhy.com,dga
www.stewed.com,benign
www.motransfer.com,benign
www.paulinepisano.com,benign
www.73666.com,benign
www.phunuthudo.com,benign
www.84807.com,benign
www.abexteriors.com,benign
www.qquorah.com,dga
www.vjmvkandfield.com,dga
www.floridapawnandgun.com,benign
www.pfqhsrasw.com,dga
www.rbhatfhoj.com,dga
www.egrsdno.com,benign
www.amanounso.com,benign
www.scrollpanda.com,benign
www.dqmjdb.com,dga
www.devshrmltkd.com,dga
www.aeriel.com,benign
www.3v78ihevo434ixg63pc.com,dga
www.pixelfaerie.com,benign
www.nfwkowelcamino.com,dga
www.npowancorml.com,dga
www.pacomendoza.com,benign
www.wooki.com,benign
www.ef3030krwl5hsni.com,dga
www.skimyciiskmgmuiaqgsq.com,dga
www.293054.com,benign
www.pahdgvrpgzllofxycqqjgcxb.com,dga
www.skeyggikcecycsgcqwksigkswo.com,dga
www.walz-naturfoto.com,benign
www.nwdzmqgfajecupinz.com,dga
www.ryuseihalation.com,benign
www.animalbiotelemetry.com,benign
www.wdurwxy4m07p3vcpcto.com,dga
www.incinerater.com,benign
www.bsctuylsftfn.com,dga
www.growingspacechildcare.com,benign
www.oddjzrqfjvoz.com,dga
www.uh5hwryfk6mry4o0c8k.com,dga
www.7e41rnue7fxk6w0bdibmawz3.com,dga
www.gpsystem.com,benign
www.highlanddog.com,benign
www.gnniqpseqqys.com,dga
www.wendvittjckqpa.com,dga
www.qgiwwoucaumegg.com,dga
www.uprmlxyflmnkimls.com,dga
www.qffhyzqmjcrz.com,dga
www.docencia-css.com,benign
www.i-lipa.com,benign
www.anglicize.com,benign
www.kdmoldsbhpcl.com,dga
www.fdpqbqphuwwkbibg.com,dga
www.aceraschool.com,benign
www.hottgenknblbfdvh.com,dga
www.fogykuhovaxavaniholijiq.com,dga
www.tonpsy.com,benign
www.ynwambrkriny.com,dga
www.355986.com,benign
www.rbnslkgtcat.com,dga
www.tucableip.com,benign
www.uoiekeoysokiisscqiowwg.com,dga
www.favrskovbibliotekerne.com,benign
www.vzrowwvrbxbhwogrzb.com,dga
www.kepyponepadolecepikubyz.com,dga
www.jyoqwbregx.com,dga
www.galosibapedos.com,dga
www.aaukomgwgesgyauqqyeqcsggygygskg.com,dga
www.catholicglobe.com,benign
www.quadrodeititoli.com,benign
www.skcqqkuiiymgmouugeswmowogkeseg.com,dga
www.ldmlxpkcvah.com,dga
www.mazdfafutinlvruwmtmaew.com,dga
www.elmedkmql.com,dga
www.kissdanceradio.com,benign
www.vozojhnposdqyakmedx.com,dga
www.ashleysdreamdecor.com,benign
www.hfianybzys.com,dga
www.ryoka-japan.com,benign
www.qj1h14ejang6g4c67rwpmvy.com,dga
www.dzmxpartbulkyf.com,dga
www.mymycuyicusgqmqigyqqcgosyyi.com,dga
www.librarianz.com,benign
www.lodgkajlyoofdpmbth.com,dga
www.owhymachuslazaroqok.com,dga
www.imperialtreecampbellca.com,benign
www.ywgokoiociykacgm.com,dga
www.jtvqestnessbiophysicalohax.com,dga
www.hurizyxsctzgav.com,dga
www.gtoxmr7ngbulyhsl7hk.com,dga
www.ausbilderwelt.com,benign
www.viwazytucatywudap.com,dga
www.ftmrnadalvqm.com,dga
www.lyrjgxvjaepen.com,dga
www.myyuegue.com,dga
www.mymuoieoweqguwyuoquc.com,dga
www.1mo9uownkn5czcnlh4u1o8jxgs.com,dga
www.eezcareisbad.com,dga
www.tfa-dostmann.com,benign
www.specialforcescharitabletrust.com,benign
www.godahowymymehipah.com,dga
www.ycexrgsnsnimmqn.com,dga
www.dxgzmen.com,dga
www.finlays.com,benign
www.turnip-sick.com,benign
www.swqxjilmtlnu.com,dga
www.en-tran-ce.com,benign
www.ipaemby.com,dga
www.cndprxjjiuaw.com,dga
www.gfk-system.com,benign
www.modellbahn-rostock.com,benign
www.unminded.com,benign
www.titanicverein.com,benign
www.nrgtball.com,dga
www.pggdyff2cl7ob10z3718ro0yq.com,dga
www.375060.com,benign
www.bonnegrosseagence.com,benign
www.surfersbaseball.com,benign
www.vinz.com,benign
www.disabledpersons-railcard.com,benign
www.muume.com,benign
www.rairphhgaxvdxtrznphbrxoao.com,dga
www.s-house-museum.com,benign
www.ppvvebrags.com,dga
www.gianluiginuzzi.com,benign
www.glenoakskabob.com,benign
www.tupygypikoguqu.com,dga
www.wdcxajpoteka.com,dga
www.pifpjmyhkn.com,dga
www.cortona-india.com,benign
www.eatsforgood.com,benign
www.rmssvwnrcpjmrc.com,dga
www.deringers.com,benign
www.interlaken.com,benign
www.ojmpo2yncpq05bi61ls.com,dga
www.ucegmpst.com,dga
www.yrulqozphgonopo.com,dga
www.uogasgakukammccsskiacioswgusu.com,dga
www.innovativeelectricmn.com,benign
www.mjmjkxkpc058aj7.com,dga
www.nayzheh.com,benign
www.gouverneur.com,benign
www.xktkpmg.com,dga
www.thisisherd.com,benign
www.cpsmrvdkivwmnfdf.com,dga
www.kuqgaawaqsqqmccsuykmuuwqgkakyeg.com,dga
www.kaiserscelticcattle.com,benign
www.bedrmattressonline.com,benign
www.unhflcstaqbvojrgtogdvjftd.com,dga
www.zfsbficlight.com,dga
www.visitoamaru.com,benign
www.mobirich.com,benign
www.opentransportdata.com,benign
www.iqouomcmyqeckqsuwueomweeyaqweys.com,dga
www.wolf60ffm.com,benign
www.jkhxsljonzzpnswnbngvpv.com,dga
www.evadiidop.com,dga
www.wuyltzd.com,dga
www.w0crsripmrm21do6g0y.com,dga
www.cloudburst.com,benign
www.ashleyswegleagency.com,benign
www.qguoqwoqougkugwmmymiiuaoq.com,dga
www.missouribotanicalgarden.com,benign
www.syffeldujxhbgxulxbf.com,dga
www.168609.com,benign
www.gaqozahopecas.com,dga
www.yujmlyaupiq.com,dga
www.mqzeqwhakmkgkjmyn.com,dga
www.fcceda2d2a1808357272dbef09faf97d60.com,dga
www.111450.com,benign
www.332446.com,benign
www.hkjfhgkngzlgwvrd.com,dga
www.lacoronagrill.com,benign
www.qlgttiphoi.com,dga
www.iqaimwycsuowssgssywgqqgyiqmy.com,dga
www.gmagkeym.com,dga
www.fashion-hr.com,benign
www.erlebniskino47.com,benign
www.spinningcentergym.com,benign
www.salesianibra.com,benign
www.wqgdnotom.com,dga
www.kkxdjexht.com,dga
www.cinydumycyfago.com,dga
www.wordofwarning.com,benign
www.tldaquerque.com,dga
www.comceuta.com,benign
www.kslmhkehercyok.com,dga
www.xubyfijuq.com,dga
www.hhoeporsche.com,dga
www.kl5lwxmx3v18at3.com,dga
www.gmeaiwkaeccuyascosyokcokkwuoew.com,dga
www.cooltourclub.com,benign
www.eufssdhecapvag.com,dga
www.lakotacanyonranch.com,benign
www.imlltfvknr.com,dga
www.elizaslavet.com,benign
www.pcnlcyjnphqwotwl.com,dga
www.ypyfvwskpsjl.com,dga
www.pousd.com,benign
www.digc.com,benign
www.qr3fgpqdsbo4i2it7xo.com,dga
www.libssh2.com,benign
www.xuhyxidyq.com,dga
www.pgnxvzbtuywqywnfdzfgamxqs.com,dga
www.ymbsowelcamino.com,dga
www.individualizing.com,benign
www.bowrafterfactory.com,benign
www.westincopleyplaceboston.com,benign
www.ypfpabvc.com,dga
www.xyveuxjfhrdo.com,dga
www.tgwmrbnoe.com,dga
www.wgbwwtdlqhwr.com,dga
www.pumugugene.com,dga
www.aaekywueumsusyiaqiumea.com,dga
www.cuwjmxliyjglejptljqvuihl.com,dga
www.cyvnmonkeys.com,dga
www.abw03xu6at1vud5nabg4wt1.com,dga
www.mistere.com,benign
www.lighthousenaples.com,benign
www.puzajopikapuzihoj.com,dga
www.kitnect.com,dga
www.bettna.com,benign
www.rcckpbjcx9ya1t2d0fc1hfzxvm.com,dga
www.jkildrfa.com,dga
www.kodiakconsulting.com,benign
www.uoiiskuewokq.com,dga
www.mobiuslifesciences.com,benign
www.rpipmaed.com,dga
www.vokalrausch.com,benign
www.heekifxmnyc.com,dga
www.amityprinting.com,benign
www.puertoricotkd.com,benign
www.vglaczv.com,dga
www.zxseball.com,dga
www.luzern.com,benign
www.aaeqmogiqwacy.com,dga
www.omomgqlexxcpxh.com,dga
www.89597.com,benign
www.walkerpestmanagement.com,benign
www.plasticlabel.com,benign
www.gymodhockey.com,dga
www.rsnaxplccl.com,dga
www.rajajasti.com,benign
www.ckisrancisco.com,dga
www.vnkhiolaq.com,dga
www.quadcopterlounge.com,benign
www.trilbytour.com,benign
www.kf56uns6q2q8w2af7la.com,dga
www.258639.com,benign
www.mymewasm.com,dga
www.kuuaacowgwqqsquesouewewqogcck.com,dga
www.orgt5lw2kjqvs0ex3f7tad5.com,dga
www.voicesofculture.com,benign
www.365bongda.com,benign
www.425480.com,benign
www.ejjkmouvokoad.com,dga
www.hokmirmlrjpo.com,dga
www.ndokstring.com,dga
www.comeonbaby.com,benign
www.opw6sjg6ur5pc6c.com,dga
www.ghoned3ngh3vwd1tgt3.com,dga
www.bhnfikbvtj.com,dga
www.amneville.com,benign
www.evbnktl.com,dga
www.abw-ang.com,benign
www.207256.com,benign
www.kukogaoia.com,dga
www.twfsswdup.com,dga
www.dpnmareisbad.com,dga
www.7525.com,benign
www.bgkkvvyxurvu.com,dga
www.karameltadinda.com,benign
www.wdsqjjormqx.com,dga
www.homeeducationresources.com,benign
www.rumahtheme.com,benign
www.aaf-fd.com,benign
www.1ywssal1glrez1109g2i1kiz0l.com,dga
www.iha23di85xgv74ify4i.com,dga
www.ulvloosk.com,dga
www.ieeroemazhexwphipxrtcmgbr.com,dga
www.ocmkcqykokwyawgcwwwqgeuumw.com,dga
www.ocgygeumgeoyesycmgsciieyewasgyc.com,dga
www.ewec2010.com,benign
www.hseivhcsalv.com,dga
www.mycywguaaks.com,dga
www.conceptum-sport-logistics.com,benign
www.tlonptwrbog.com,dga
www.gyiomachuslazaroqok.com,dga
www.discoveringthekootenays.com,benign
www.huomie.com,benign
www.myeyuwaskkqqeyusiwuegiqwysiye.com,dga
www.qgmsgmeeguccmsiewqo.com,dga
www.exybwxgfe0olcbm.com,dga
www.acortalo.com,benign
www.eatpizzaq.com,benign
www.kuwmaamcwucyciquecy.com,dga
www.devicon.com,benign
www.twistedgroove.com,benign
www.292263.com,benign
www.radioprimetime.com,benign
www.kyoman.com,benign
www.vofypyfofuv.com,dga
www.qgnysagabardinedazyx.com,dga
www.arxnejast.com,dga
www.wclringlane.com,dga
www.antonopoulou-makeup.com,benign
www.iqwuqeky.com,dga
www.8517.com,benign
www.tqzdalkdsh.com,dga
www.fornits.com,benign
www.aaogmyyi.com,dga
www.genderflux.com,benign
www.local33.com,benign
www.easytogotacosgarcesfam.com,benign
www.aiqhuowixyyl.com,dga
www.lubqolddincmydvjmcg.com,dga
www.qgcilane.com,dga
www.mt4trader.com,benign
www.airviewonline.com,benign
www.1hedfs21cdqfcr1q3m26o1vgk0el.com,dga
www.yuxgkandfield.com,dga
www.halherzog.com,benign
www.pkclick4u.com,benign
www.hydroinformatics.com,benign
www.cinemaescapist.com,benign
www.postmediavfx.com,benign
www.piubtjyfvkdrv.com,dga
www.uhaicivsctmpkahok.com,dga
www.stoneward.com,benign
www.dendrocacalia.com,benign
www.aagiuayykiueackciiuiec.com,dga
www.o0q45bq6ej5lshs.com,dga
www.oscgacivic.com,dga
www.jometeo.com,benign
www.bbqublxmlljeudbltgtbcxs.com,dga
www.hgrfrjixwrkx.com,dga
www.ibytzv.com,dga
www.mironet.com,benign
www.onvhopjnfajvlkfm.com,dga
www.ndrrqxhayf.com,dga
www.dechenlingashland.com,benign
www.spmbrzqtmvfrbpxkzhjkf.com,dga
www.qqebican765.com,dga
www.kenbailey.com,benign
www.gozoamentalistfanchonut.com,dga
www.beckersdental.com,benign
www.wisemann.com,benign
www.amjqoki.com,dga
www.swnranerraticallyqozaw.com,dga
www.riversedgehorserescue.com,benign
www.voicecallsguru.com,benign
www.zekesaucedo.com,benign
www.lplerfhzo.com,dga
www.rdibkgmwiombjojtji.com,dga
www.jjnxtv1wqx00l1f5d2ykynj7o8.com,dga
www.wsecqecmaysggigakccie.com,dga
www.spitzenwanderweg.com,benign
www.morningfurniture.com,benign
www.indianapresbyterian.com,benign
www.gvi2gvc4mj7hex54sfw.com,dga
www.xdrhfecukeqd.com,dga
www.deercreekvineyards.com,benign
www.floresarts.com,benign
www.skiiiekuuyaoeiyeys.com,dga
www.uosuueaycamy.com,dga
www.sjakk.com,benign
www.muktiorganics.com,benign
www.khwaiter.com,benign
www.cloecassandro.com,benign
www.kthipijgpfar.com,dga
www.karadatokeruspa.com,benign
www.larryshankle.com,benign
www.eisiwaksyukmqkmgmwwwo.com,dga
www.72mena.com,benign
www.mrslots.com,benign
www.blackstonetheseries.com,benign
www.wqvlepictom.com,dga
www.electromicro.com,benign
www.hacopoz.com,dga
www.masslessness.com,benign
www.mlazyc.com,benign
www.o0uhsdsneja2stufgtm.com,dga
www.cubeaonlwkj.com,dga
www.employee-scheduling.com,benign
www.umpknta.com,dga
www.237208.com,benign
www.cssclass.com,benign
www.iboplus.com,benign
www.qxwcpcuaehuwbqjznmdsb.com,dga
www.hyqmwolmcdxn.com,dga
www.1mh3e3n16jrg09slhquijblphq.com,dga
www.chaosradio.com,benign
www.melfordf150.com,dga
www.medastsc.com,benign
www.jlmdtaprius.com,dga
www.1tl1lovqeyf5rwdht2412xycdt.com,dga
www.pranavashram.com,benign
www.1gb6mo41s01tridbbmtq11zby8k.com,dga
www.doqotosifoziheryga.com,dga
www.142176.com,benign
www.pqacrang.com,dga
www.s1g1b15onm.com,dga
www.vlhsengerjet.com,dga
www.njtement.com,dga
www.emacu.com,benign
www.qverwfk0cfkx5l32oxgbgvq.com,dga
www.syghtglassesshop.com,benign
www.rytapaqycehe.com,dga
www.odkbgvs2qjy6mjehinmnwty.com,dga
www.qamsacivic.com,dga
www.katumoto.com,benign
www.mcfrsolbksninpt.com,dga
www.aardvarkfilm.com,benign
www.dxwgyg.com,dga
www.viulapoesia.com,benign
www.tallboysapparel.com,benign
www.dealgps.com,benign
www.tomorrowindtoday.com,benign
www.qgaoqymssugmgikciaew.com,dga
www.zjosnocugfwt.com,dga
www.n3rdsinsid3.com,benign
www.studio-nahe.com,benign
www.ryhefogigycaqyvybuhuh.com,dga
www.kvuwevgeminefjy.com,dga
www.1vq6hbiwywo9dimd4ie10hignl.com,dga
www.lordjagannath.com,benign
www.pmaqma1i3bsr11auta761c94v4c.com,dga
www.u0yvc6ixmbibc85.com,dga
www.galorubapetos.com,dga
www.eco4649.com,benign
www.mamamushi.com,benign
www.gmyimmicqqci.com,dga
www.aaimuowmaqowiuyekqaco.com,dga
www.bereavementontarionetwork.com,benign
www.dseafsfen.com,dga
www.triumfo.com,benign
www.telly.com,benign
www.cxdn9217jotdy132avsn1vlxlax.com,dga
www.shopandcare.com,benign
www.chicpussy.com,benign
www.venetofronteskinheads.com,benign
www.jlelxyhpjxijxq.com,dga
www.370031.com,benign
www.gburgpsf.com,benign
www.364616.com,benign
www.cotondesoie.com,benign
www.gjm8gtm4gh70adonu0y.com,dga
www.aspo-tostero.com,benign
www.phishreport.com,benign
www.evergreensquash.com,benign
www.ravemarket.com,benign
www.lovenotesquartet.com,benign
www.ol5xgta6epef1ncl3d3tw4c.com,dga
www.stevecomisar.com,benign
www.10ksa.com,benign
www.logic-mi.com,benign
www.amicitiaboukoul.com,benign
www.uhjvlkfoixtcelo.com,dga
www.91el07ij0nzt1jjlh6l5qjgtf.com,dga
www.moss-bordered.com,benign
www.publicsectorexecutive.com,benign
www.sammystruckrepair.com,benign
www.isfce.com,benign
www.lkaerooclqrq.com,dga
www.sousleground.com,benign
www.anotherdayintheempire.com,benign
www.enbridgeincomefund.com,benign
www.vtrpotwfkapasmgdi.com,dga
www.434423.com,benign
www.u23lib5bcxw0yju.com,dga
www.prmysangh.com,dga
www.ociqkeasqocgoecksu.com,dga
www.hj-9.com,benign
www.fpa-be.com,benign